Frame_Time_Budget_s,Frame_Energy_Budget_j
7.218720442068985,6.581350300252346
7.19743843488792,6.56322107284546
7.174786381470705,6.543894314550341
7.151977473736517,6.524401014519767
7.129144165096326,6.504853932817776
7.106298763493608,6.485263777731268
7.081824669987118,6.4642405786845485
7.060410881760498,6.4458145977676615
7.037702443300194,6.426245360428026
7.014833552726192,6.406506586338608
6.991942390809763,6.386717103337998
6.969045697247395,6.366891508613677
6.946146612116427,6.3470327384424765
6.9232460971774055,6.327141821492355
6.902234107732447,6.308864528705549
6.877528268350798,6.287343141683211
6.854618214114762,6.267352684877009
6.831734920613472,6.247355497983065
6.808856488493992,6.227332719098324
6.785983716974968,6.207285265059437
6.765018438211656,6.188884075122728
6.740422444088376,6.167266553745322
6.717543520245886,6.147126279025538
6.6965786810682815,6.128645716366678
6.672049279430862,6.106993888495594
6.649249432431118,6.086837512860049
6.628338884698728,6.068326726376236
6.603894543482883,6.046659208910962
6.581134832100416,6.026454415097277
6.56032409141986,6.007955651449949
6.535979706850232,5.986287946925303
6.515134030524581,5.967708171882215
6.490848101170872,5.946034391056921
6.470064652144575,5.92746061235626
6.445852991607192,5.905795788734938
6.425134737633038,5.887231535280165
6.402863517942038,5.867252300531868
6.37866003237556,5.845510451475783
6.35804800648873,5.826969622820264
6.334040748700893,5.8053484029508375
6.3135000064069,5.786824687546899
6.291499748250642,5.766962170495714
6.26932837515909,5.746920585116287
6.245401784852463,5.725263982667359
6.225017783871317,5.706789778826753
6.203202282760564,5.686996216881646
6.18125048528913,5.667055117909717
6.159339459120251,5.64712691986328
6.1356916267117665,5.625591688178662
6.1155177775023395,5.6071968511194346
6.093997841230406,5.587553390075453
6.072342321758908,5.567763222655614
6.050723577822352,5.547983460401229
6.029163570576452,5.528234385370663
6.007664692028195,5.508524941971284
5.986227629902891,5.48886923487094
5.964852043408636,5.469269637165674
5.943538427467177,5.449726838970543
5.922286933226329,5.430260732870488
5.901097360150881,5.4113347453265686
5.879970436617239,5.3926850138195395
5.86097756870888,5.375922784609348
5.838028080020685,5.3556486373698355
5.817065619320046,5.337104711982253
5.796198771146487,5.318622444936438
5.775396182703267,5.300174424526208
5.756700866384471,5.283576090454761
5.734166211480332,5.263546382797229
5.713526228566228,5.245176023744859
5.692984550132284,5.226871062098877
5.674569777446963,5.210442946386494
5.652378589289225,5.190623878146557
5.6339380590052865,5.174134136817611
5.6118914278865075,5.154397878619711
5.5916821511453545,5.136282844176018
5.573557762832535,5.120018791243414
5.551782848398421,5.100457748048937
5.533700572103199,5.084194322231151
5.512083678490016,5.064730788819281
5.494145030869539,5.048559758137708
5.472700406919673,5.029207533944167
5.454905262526181,5.013129687492782
5.433631977549584,4.99388896649944
5.415979050112512,4.977904003081794
5.394876419197781,4.9587751674981435
5.377364928622506,4.942883214405505
5.358400344885389,4.925655779578584
5.337379573685558,4.90653877929618
5.320077452363383,4.890785333102426
5.301357415594313,4.873724481278511
5.282473450192579,4.856496126019339
5.261875481715244,4.837682505289205
5.244867139399406,4.822129827132612
5.226456393239004,4.8052788698533675
5.2079282541189365,4.788302883941616
5.187681683865543,4.769731545783726
5.170956038301187,4.754372597787083
5.152924093240723,4.737799983981104
5.134762712295247,4.721102544105431
5.116663316801941,4.704461335192113
5.098651806883202,4.687900851961804
5.080729813717727,4.671422667496487
5.062897290514263,4.655058021342989
5.045153642681071,4.638970392658909
5.025743192421741,4.62139355185357
5.009653371797157,4.6068078758514766
4.992406483456883,4.59115871319681
4.9771254802046085,4.577280404511661
4.957751963636612,4.559668762329387
4.940524243525188,4.5439892417159795
4.923386399584718,4.528375579020781
4.9063333242780365,4.512823335413574
4.889364207561634,4.4973319628575945
4.872478730115578,4.481901359691292
4.855676407898822,4.466531269031017
4.8389567634117805,4.4512214362891624
4.824311786211647,4.437798867932039
4.805884493136466,4.420894227143753
4.789419094205602,4.40577214876512
4.773035712071523,4.390710623660719
4.756733449760324,4.375715273956821
4.742488859490649,4.362611799462604
4.724584735719741,4.3461418339743805
4.708486467748537,4.3313330503544245
4.694422544803611,4.318395658585573
4.6768104966634585,4.3021943491663714
4.660998003744945,4.287648449192716
4.647155306827478,4.2749145630329
4.629842468744088,4.258988496705532
4.614266033484311,4.2446597459890825
4.600673879411748,4.232156333998007
4.5836621670404485,4.216507272979676
4.570122116624922,4.204176763276969
4.553288797598003,4.188957441035688
4.538108131126525,4.175232332492423
4.524916489190579,4.1632949260583425
4.508394900345109,4.148331034879124
4.4952401886435975,4.136404697865455
4.478884873412105,4.121563440589158
4.46588038032551,4.1097510571620735
4.451505733417021,4.096683535624429
4.435271196469248,4.081910724237846
4.422495074153555,4.070273102732985
4.406611201062504,4.055794395643679
4.393981644627365,4.044279643322546
4.3782802676779715,4.029963903679201
4.365795236402917,4.018580450421226
4.3520682823817385,4.00610742155918
4.336450818851712,3.992011703648723
4.324175870109133,3.9809422541216524
4.3106950513686995,3.968785490152061
4.295355326986826,3.954952023624857
4.283293145108434,3.9440738987870243
4.270087547650033,3.9321642774621415
4.256699935724147,3.9200901524400007
4.241738777342803,3.906620517571227
4.22996104975349,3.8960663975567265
4.217078579238913,3.8845187509658596
4.204037079658817,3.872819677635185
4.191043788807851,3.861153834956863
4.176568465469135,3.8481450463097766
4.165136517027903,3.8378615816103117
4.152658205897573,3.8266283605946305
4.140040171139082,3.8152598747856326
4.127469035323663,3.803923888102955
4.114977265502686,3.7926497216753434
4.102568716911887,3.781440983004492
4.090243110815084,3.770297563080466
4.076498673072293,3.7578627909679905
4.065600113703301,3.748001588161323
4.053755899319857,3.7372846152889045
4.041790562527916,3.726457921128804
4.0298680812307275,3.7156698879105545
4.01801829649049,3.704947523761438
4.006246202847195,3.6942953626976376
3.9945518825605304,3.6837134864103667
3.982934982667414,3.673201587938398
3.971395007668744,3.662759230618098
3.959931507794846,3.652386019927004
3.948543879811027,3.6420814194940982
3.937231476855612,3.631844852340201
3.927746464006988,3.6232618642260475
3.9148825304094754,3.6116212755017205
3.903795991799141,3.601589045132128
3.8927865218083952,3.5916265571120856
3.881850022061331,3.58173011764481
3.870985760333926,3.5718990704710594
3.860193160598549,3.5621329016915726
3.8494721175749502,3.5524315314675383
3.8388220607750134,3.5427944504384157
3.8299314737811994,3.534749534900963
3.8179050494971425,3.5238671418659466
3.8074127411177616,3.514373026189694
3.797043482169959,3.50499034671559
3.7867471204318908,3.4956737329557206
3.778156095181429,3.487900273425705
3.7665626573364803,3.4774102495118857
3.756417827202022,3.46823111787883
3.746393544098874,3.459161200055861
3.7380319163787488,3.4515957632135508
3.726772956709059,3.441409037595445
3.7169052066829735,3.432481236825778
3.708674907120133,3.4250350509899334
3.6976475453944304,3.415058474227718
3.6880276302338646,3.406355468867416
3.678478694354734,3.3977168916911378
3.670535678053485,3.3905312977390123
3.659855008416022,3.380869336462152
3.6504253855661553,3.372339381399091
3.6426473666322545,3.365303647315888
3.632203901195155,3.3558571018944163
3.62440732050108,3.34880501540658
3.6140824464099555,3.3394663467875145
3.6050320017658715,3.331280720900904
3.597515590291083,3.3244827689351806
3.5874521219158457,3.315381536354214
3.5799475317513605,3.3085947977136176
3.5700108527569503,3.299608947775508
3.561272111970934,3.2917068026261287
3.554046433099041,3.2851731348691793
3.5443670513610606,3.276421119990021
3.537146496201196,3.269892683666804
3.5275855465331523,3.26124857497514
3.520474119613146,3.254819440408521
3.51106074850129,3.246309632510355
3.50405964895019,3.239980911847967
3.4947925085504874,3.231604213981714
3.4879002204933225,3.2253745562177967
3.4787772595010913,3.2171291379834903
3.4719925647846197,3.210997466623582
3.4630122649033437,3.2028819887578277
3.4563337018950953,3.1968470006463074
3.44749430011242,3.1888598957968823
3.440920706086153,3.1829205627325377
3.433480590963486,3.1761987110241643
3.4246954807835834,3.1682623052882635
3.4182766007512884,3.1624640208933297
3.4097840276236493,3.1547930710233056
3.4034699100235475,3.1490903067025493
3.396310320635725,3.142624355717717
3.3878954540745916,3.135025410631838
3.381733024649589,3.1294610266505076
3.37357903119242,3.122098951875259
3.367516846900006,3.11662605622953
3.3606751654405804,3.110449906887973
3.3525814968335994,3.1031442829417157
3.3466635307862025,3.0978030977036264
3.3399803279472615,3.0917717587832256
3.332099104411966,3.0846600110255022
3.3263292098503525,3.0794540628055227
3.31981721860714,3.0735790658494384
3.3121335943400734,3.0666478516916813
3.306507631796156,3.0615734411362063
3.30017682554606,3.055863829018751
3.292677041503474,3.049100787537431
3.2871912742296927,3.0441545827557133
3.281048971961471,3.038616992328256
3.2747686377961953,3.0329556316932087
3.2675387973255186,3.026439287169153
3.262243871309129,3.021667610160475
3.2563021544245405,3.016313670627163
3.2502440363888474,3.0108555676357005
3.243281095877947,3.0045832486072532
3.238171450200082,2.999981158465209
3.2324447151375075,2.994823924498057
3.2266118495708933,2.9895718758377168
3.219887481998979,2.9835181482259503
3.214957980962011,2.9790810823253873
3.209457617718564,2.9741308668282143
3.203851908711416,2.9690866435866243
3.1982686487984577,2.9640634786212225
3.1918635287928057,2.9583020414180954
3.187157855268377,2.954070122744269
3.1819139713263147,2.9493549145148616
3.1765767742344706,2.944556664381365
3.1712633493404683,2.939780703743095
3.1651414646973666,2.93427928383808
3.160653070727625,2.9302467223687185
3.155678967122989,2.9257785687738687
3.1506124101487427,2.9212282830623018
3.145564450901283,2.9166956801422117
3.140562107155087,2.912205039954695
3.1356112720101232,2.9077616738941803
3.1299157344087267,2.902651275684809
3.1257286879151907,2.898895410360582
3.121096892484168,2.8947414680281693
3.1163868152661123,2.8905183361735207
3.111697049238156,2.886314483366511
3.10705178379326,2.8821516284383013
3.102456032531794,2.8780342754678574
3.097910323488547,2.8739628955125656
3.09341452216235,2.869937369659637
3.0889685958057203,2.8659576773314686
3.083864494716024,2.861390372925033
3.080095551815119,2.858018962222874
3.0759347091962974,2.8542980037396317
3.0717142937638195,2.850524929050665
3.0675177483315417,2.846774423529382
3.0633646989444543,2.843064064686173
3.0592587741441983,2.8393970897638563
3.0552008093745933,2.835774255818658
3.0511909262369703,2.8321956802217025
3.0472287781814225,2.8286610500252967
3.0433141878995342,2.8251702100034444
3.0394469616371618,2.8217229896967138
3.0356269828675178,2.8183192902804675
3.031853881405531,2.8149587773596765
3.0281277522309495,2.8116415483313
3.024448207198624,2.808367251975185
3.020815398547479,2.8051360387545765
3.017228776215319,2.8019474069486523
3.013688315277787,2.7988013423762546
3.010194060946823,2.795697895963203
3.0067455338807143,2.7926366314220483
3.003342845106464,2.7896176606875476
2.999985710941334,2.7866407290587945
2.996674112516116,2.7837058277421862
2.99340774892014,2.7808126859097517
2.9901864382098697,2.7779611431685405
2.9870102361819337,2.775151259943666
2.9838789300856106,2.772382847144194
2.9807923458464436,2.7696557515510682
2.9777504377082757,2.7669699391253175
2.9747531190867,2.764325337863525
2.971800242969723,2.7617218195735704
2.9688916206821356,2.7591592172972805
2.9660270483383218,2.7566373498848584
2.9632065615828127,2.754156258760317
2.9604301886858275,2.751715978491715
2.9576974791778516,2.749316098634554
2.955008665133926,2.746956843121667
2.9523634895531736,2.744637981265782
2.9497616312338266,2.742359222628143
2.9472032956715175,2.740120766379199
2.9446884156988706,2.737922558212454
2.9422167727250357,2.735764403004398
2.9397881582047187,2.7336461149190314
2.9374026770054087,2.7315677995195258
2.9350602103635666,2.729529354418185
2.9327605923968463,2.7275306333776923
2.9310045062145997,2.7260060095754364
2.9283043421437926,2.723664330323515
2.926126419896268,2.721778814889748
2.923997251197594,2.719938171147081
2.921910718224623,2.7181370808304783
2.919866464645264,2.716375232678196
2.917864555416041,2.714652695692696
2.9159049650706543,2.7129694541450022
2.913987446779313,2.711325286290748
2.9121120428790284,2.709720239398571
2.910278708957803,2.7081542800261342
2.9084873712357098,2.70662734739678
2.9071249226359512,2.705468192196148
2.905043357472985,2.7037005760084134
2.9033729366058156,2.702286352049576
2.901748221879133,2.7009143243530094
2.9001652665792683,2.6995811304653725
2.898623792639528,2.698286530891503
2.8971240694021283,2.697030784932753
2.8956659273719416,2.6958137427402327
2.8942491046928245,2.69463516838746
2.8928735961237337,2.693495064820267
2.8918346835513797,2.6926368341438893
2.8902584622888803,2.6913391710081473
2.8890013561138668,2.6903098477904526
2.8877901601376426,2.6893228305532344
2.8866202190553705,2.6883742455445074
2.885491493487935,2.6874640852046756
2.884403876440322,2.686592259383516
2.88335737429723,2.6857587820826185
2.8823518289157137,2.6849635139136354
2.881600559057685,2.6843732846894004
2.8804723128139154,2.6834930377887765
2.879583500549617,2.682807468348583
2.87874044831582,2.6821639021024457
2.8779386841201857,2.6815588515998336
2.877177655103253,2.6809918478658306
2.8764575969598303,2.6804631218326453
2.8757782606085387,2.6799724497833575
2.8752790320317225,2.679617718665104
2.8745437728970624,2.6791045599408427
2.8739830098575676,2.6787253066175216
2.873465339553561,2.678385811347044
2.872988608780907,2.6780845842422685
2.872552434314723,2.677821302915065
2.8721570300075503,2.6775961770866568
2.871802289667267,2.6774091161650446
2.871554809007832,2.677289811136258
2.871211140413767,2.6771429339920503
2.8709753218495764,2.67706796936496
2.870781748277824,2.677031896620859
2.870628866851005,2.677033915656197
2.8705166264484814,2.6770740240081667
2.87044488421474,2.677152100086124
2.8704137572604895,2.677268261833123
2.8704170012853827,2.6773837457327185
2.8704633684013467,2.6776022978011196
2.870552851999797,2.6778326458866792
2.8706828097878883,2.6781000189864597
2.8708534308569575,2.6784054981931193
2.871064644933405,2.678749086413193
2.8713164953112664,2.6791308385204573
2.871539766162046,2.679453389251561
2.871927939179785,2.6799933270511938
2.872300808509723,2.6804889550114797
2.872713898439353,2.6810222383150104
2.8731676762493046,2.6815937714609985
2.873662246200021,2.6822036666836357
2.874197365079437,2.6828517062463515
2.874773094695182,2.6835379567089417
2.875247798005299,2.6840968757083585
2.8760275490552787,2.685005114115231
2.876725709989653,2.685806894353476
2.8774633531498672,2.6866455980431074
2.87824190587459,2.6875228247052836
2.879061202587384,2.6884384400482157
2.8799212613594802,2.68939247093353
2.8808221742461844,2.6903850126044366
2.8817640296712317,2.6914161569011283
2.8825201364057635,2.6922397531291145
2.8837402696449956,2.6935627283106003
2.8848110389480954,2.694716549324932
2.8859164386613183,2.695902071373971
2.887062313496023,2.6971257368289256
2.888249340439625,2.698388250941037
2.8894773599007673,2.699689480207727
2.8907465157360344,2.701029569428362
2.8917610014206745,2.7020976368557568
2.893382316266271,2.703800054654145
2.8947758722658685,2.7052578718919684
2.896209471180978,2.7067534216432185
2.897684432025404,2.7082880868810224
2.8992008278854593,2.709861950934261
2.9007587131759913,2.711475075119399
2.902358170802889,2.7131275471703336
2.9039992013066054,2.714819377876395
2.9056819141437162,2.716550679911344
2.907018149036566,2.717923184886946
2.9091437455305043,2.720103088792623
2.9109528925301893,2.721954329770714
2.91280229163263,2.723843606614776
2.914693507574758,2.725772529649666
2.9166269588472225,2.7277415052809753
2.9186023991120753,2.729750314292046
2.9206201288500426,2.731799248719382
2.9226797644731866,2.733887960851607
2.92478201682733,2.736017126745985
2.926926492976134,2.738186390114096
2.9291134345941017,2.74039598836594
2.931342776496362,2.742645871943466
2.933102097465795,2.7444197005653335
2.9358966255372394,2.7472347533228576
2.9382606928952733,2.749613110517331
2.9406612087363384,2.752025771924883
2.943104483945288,2.7544790991689316
2.945590779837011,2.756973363185032
2.9481202687620667,2.759508738165084
2.950693005119211,2.7620852873533095
2.9533088155407206,2.7647028608352913
2.9559681620997202,2.767361903633814
2.9586710878276152,2.770062468663995
2.961417631938592,2.7728046053772823
2.964207935542976,2.775588458746821
2.967041896626015,2.7784139462167263
2.969919928057421,2.781281467486449
2.972841908599801,2.784190922260214
2.975808136245638,2.787142602968417
2.978818539459856,2.790136456111417
2.9818733610429895,2.7931727227261285
2.984972601119042,2.796251416696647
2.98811649865829,2.7993727757840126
2.991305216080209,2.8025369662146655
2.994538685901304,2.8057439389751133
2.9978172570239217,2.808994035316528
3.001141078593116,2.812287409527286
3.0045100566827343,2.815623988280139
3.0079244234208997,2.819004003929903
3.0113842922246676,2.8224275777690586
3.0148899616636466,2.825895004807745
3.018441418237876,2.8294062877584287
3.022038951039385,2.8329617131364824
3.0256825408060086,2.8365612786082224
3.029372556853466,2.8402053463009054
3.03310903087108,2.8438939620400476
3.0368921798953497,2.8476273456177905
3.040722062499401,2.8514055684553643
3.044599043828419,2.8552289896624408
3.0485231287740464,2.8590976307595315
3.0524945088614683,2.863011688493983
3.056513492275506,2.866971469274511
3.0605800148313542,2.8709769304863593
3.0646947092509866,2.875028683461691
3.068857467387152,2.8791266448542876
3.073068526407263,2.883271055473649
3.0773281819833733,2.8874622113000865
3.082350277521921,2.8924021854441455
3.086144060112118,2.8961329398954883
3.09040760277303,2.9003248127103722
3.0948277102444264,2.9046696968380696
3.0993230065443487,2.9090875366929962
3.103873564689736,2.9135587458270393
3.108475346128204,2.918079350163371
3.113127518049106,2.922648546963163
3.117830266835497,2.927266524690878
3.1225838401955714,2.9319335361484247
3.128167925659235,2.9374148428787
3.1323776628292404,2.9415463028345075
3.1371267622907753,2.9462064438579167
3.142049043556414,2.9510357775258678
3.1470501847516434,2.9559417213950314
3.152108527150545,2.9609030343073597
3.157220194286071,2.9659159168613267
3.1632135608123013,2.9717925356573778
3.167722349180541,2.976212834040847
3.172822829984902,2.9812126649981363
3.178109934603286,2.986394824702794
3.1834788723177834,2.9916565720891457
3.189800811593622,2.9978514898276565
3.194529842358365,3.002484932349074
3.19986843931628,3.007715156094598
3.205413781190665,3.0131474147139454
3.211050301462921,3.0186684505468064
3.2176789668392827,3.0251606327299956
3.222630180034744,3.0300094220176796
3.228232673883881,3.0354956321125983
3.234053807715241,3.0411955150045697
3.2399687315490473,3.0469867870228295
3.246876384896433,3.0537494925637234
3.2520512560754424,3.0588153879141995
3.257951145528545,3.064590717307741
3.264068542028744,3.0705786333994456
3.2712239638351575,3.077582141256981
3.2765826605676804,3.082826763010937
3.282711218785981,3.0888246102250925
3.2900818996051,3.096037727945334
3.29558391705117,3.101421874130623
3.3018493985167834,3.107552931804465
3.3094343877409402,3.114974904335708
3.3150816140911252,3.1205005576989686
3.3214983227074533,3.126778979667192
3.328185615694975,3.1333219911020946
3.3360018898222346,3.1409694250115687
3.341835038530782,3.1466764474624025
3.3496717188274636,3.1543435708916183
3.3556008638818255,3.1601443494849013
3.3623602686514342,3.1667573512186435
3.3705470309364856,3.1747667360444165
3.376631972231898,3.1807198162346264
3.3835918159551173,3.1875288278742926
3.391963365230504,3.195718971175632
3.398194590609358,3.201815198058619
3.4065607257232062,3.210000139732961
3.412888418605079,3.2161908607766385
3.4201401820855017,3.2232857261318473
3.4288592135422014,3.2318162612978174
3.4353447403540276,3.23816170723008
3.444051831700114,3.2466809100475382
3.450637265807088,3.253124402544409
3.459482127268872,3.26177884696083
3.4661716377935385,3.268324553409471
3.4751563197370547,3.2771163594266075
3.481951339613338,3.2837657581646083
3.4910775020205422,3.2926966595940277
3.4979792489301405,3.2994510293768693
3.50724856902112,3.3085227822610324
3.514258524406802,3.3153836554645633
3.5236727082722195,3.3245980496119265
3.530792150000452,3.3315667718431756
3.54035313061009,3.3409258179334835
3.547583390304784,3.3480037911418856
3.5572929833255067,3.3575093963283043
3.5646357837489426,3.3646983977449874
3.574496126692096,3.374352780416594
3.5819528978809783,3.381654317863272
3.591965994739139,3.3914595781064643
3.60090022138101,3.4002090936805103
3.6084280039700727,3.4075817414295844
3.618644166022163,3.417588056728712
3.627817485266399,3.426573771603498
3.635486599068806,3.43408661203738
3.645923259038763,3.4443113733803243
3.653843401716144,3.4520714089525515
3.6644815214499578,3.4624953351474828
3.6739328405522405,3.4717573433626328
3.681937621838111,3.4796024599280453
3.69279623389485,3.4902454021276035
3.702438637536579,3.499697378324478
3.7121375338914326,3.509205697856239
3.7203229694475297,3.5172310499558117
3.7314867836819423,3.5281775644866578
3.7414465031468422,3.537944649242806
3.751417912270049,3.547724297054157
3.7598262791475543,3.5559718032413543
3.771318393014301,3.5672452243106623
3.781557996495823,3.5772913400957447
3.7918031590629564,3.58734414249899
3.8004763774282,3.5958554638976947
3.8123262260131088,3.607485409447391
3.8228011576393786,3.6177674831529916
3.8333209793150322,3.628094979782393
3.8439091800174716,3.63849097988032
3.854567281591916,3.648957023998621
3.863602818954527,3.6578308405902518
3.875983169165854,3.6699911175960596
3.886876732798334,3.6806928215971886
3.8978259624673237,3.691450780542806
3.9088470369118062,3.702280914556907
3.9199406846273073,3.7131839970733025
3.931107717839816,3.7241608633689003
3.9423481697834313,3.735211610993457
3.953662627357656,3.74633686315745
3.9650519575303407,3.757537509897187
3.976516346713392,3.7688137978479985
3.988056349189734,3.7801663236550875
3.999672487323455,3.7915956552400916
4.011365364160419,3.8031024385855248
4.023135479831934,3.8146872237490266
4.034983421546887,3.826350645020273
4.046909881612565,3.838093438117962
4.05891519577616,3.849916002426694
4.071000190141956,3.8618192042326904
4.0831656157898815,3.873803840700699
4.095411775467664,3.885873713315407
4.10773974154232,3.8980381204388816
4.120149836935971,3.9102996708249775
4.132643204484113,3.9226600466588986
4.146746299834785,3.9366334581884805
4.158059737278362,3.9478593532601964
4.170548334038749,3.9602661336740037
4.183330644798435,3.9729815552340395
4.1962332809967435,3.9858343660146294
4.210826898974238,4.000393663146437
4.222479899493198,4.012037016049403
4.235354215072294,4.024916566079295
4.248556945415948,4.038120453093328
4.263538915830232,4.0530060826835275
4.275470413944392,4.064848730944449
4.288670392273904,4.0779526057618165
4.302223901839707,4.091410617723777
4.317541201380368,4.106624230026367
4.329750977657044,4.118754838771164
4.3433452631314875,4.132264092807982
4.35892744202365,4.1476962886489455
4.371352033450867,4.1598691896189655
4.385221078703056,4.173447850100372
4.40105962160037,4.188955514772025
4.413700121329121,4.2013343406250785
4.429585874989605,4.216901734595982
4.442371632979962,4.2294495989887615
4.458440517949549,4.245241944472889
4.471373868346265,4.257973255992141
4.48762805036455,4.273996751992212
4.500710797614066,4.286914953639712
4.517153214708048,4.303174495030465
4.530387484085529,4.3160903862797255
4.547020674768211,4.332138217190045
4.560408897829479,4.345028919613061
4.577235654205932,4.361229222400605
4.590780193675429,4.374270238585449
4.607803608152556,4.390661960715626
4.623330544750375,4.405614060811756
4.6369850892743045,4.418764062291042
4.654277304190724,4.435418548631647
4.670081007329698,4.450640812906932
4.6839513698171995,4.464001895954751
4.701538292264967,4.48094437462514
4.7175834846520885,4.496404008639233
4.731705119028016,4.510022028675761
4.749604650833147,4.527307959769262
4.765850038721556,4.543025667806392
4.782159647013483,4.55883187002321
4.798548353742897,4.574741409177275
4.812998670636751,4.588791212999983
4.831393830773083,4.606704384453113
4.848083045631556,4.622988048191517
4.864807948795874,4.639335015034589
4.881612508038341,4.655739153688692
4.898499302300047,4.6719317383699845
4.91546867568459,4.688126973904317
4.9325216996612875,4.704392780407843
4.947591260530748,4.718765591267098
4.9668383844632364,4.737122589750572
4.9841635592804,4.753652400636118
5.001566584628139,4.77028140910319
5.01905520767828,4.787021259752245
5.036630395772208,4.803873516832528
5.056048780989588,4.822528373754023
5.072288719189246,4.838159537506801
5.089869388392523,4.855108640986109
5.107745218478378,4.872372844614211
5.125742125191556,4.889785750194909
5.1438333559578435,4.907322380157908
5.16201540055333,4.924980085477762
5.180288453491692,4.9427597920180775
5.20044585735067,4.962413012986335
5.217248331962273,4.978828968089753
5.235528926629414,4.99672010386812
5.254126252888617,5.014956112674613
5.27467570423398,5.035148979434021
5.291762459731372,5.051975289164488
5.310385167096217,5.070347262422548
5.331220541264355,5.090945964408686
5.348522207260137,5.108088925177628
5.367389381820862,5.126817823512237
5.388487898319679,5.1478077522558126
5.406002448498144,5.165271924774568
5.425164456805476,5.184415403821715
5.446486077342373,5.205764870321216
5.464211104273019,5.223554857216616
5.485560885650966,5.245028065728336
5.503426989490413,5.263040021836935
5.524946881316325,5.284782341145809
5.542955276299393,5.303020900186474
5.564646656985963,5.3250378163752705
5.584729978123744,5.345475944982623
5.60283022762466,5.363937541473654
5.624753470818279,5.386348794025952
5.643115232805561,5.405167036508287
5.665232743312006,5.427634044937034
5.685646010376343,5.447317375583388
5.706112220950203,5.466932702486258
5.724580877402534,5.4846278908581585
5.747002793040654,5.506110090231277
5.767737757158256,5.525977732483342
5.788469101482407,5.545867135306308
5.807198668140302,5.563871603660278
5.8299578058263535,5.585794484664385
5.850924277631067,5.606040854208656
5.871911663795571,5.626353543751268
5.89295869929489,5.646770661689904
5.914067191330222,5.667294866073063
5.935237070009795,5.68792703264638
5.956468296750445,5.70866808812726
5.977760724155163,5.729518876842955
5.999114058058132,5.750480124906596
6.020528535550872,5.771553091095623
6.042003355168511,5.792738062725245
6.063538967588808,5.814036552122347
6.085135172511833,5.8354494741909235
6.1067916117247405,5.856977619213167
6.128508128270407,5.878621997996976
6.150284708234571,5.900383787622303
6.172121145873152,5.92226401177926
6.195824439376111,5.9460830996728244
6.216110262550059,5.966527386837308
6.237876713860103,5.988519459530267
6.25991003883556,6.0108427792708214
6.283849169483498,6.035170203330205
6.3042956609338,6.056012126702526
6.326270031385057,6.078471122760727
6.350361883906907,6.103170215777028
6.370921932278648,6.124315712497575
6.39304148823032,6.147128061634216
6.417253902538303,6.172178918596233
6.437918611659264,6.193630164635344
6.462059595971521,6.218766317842599
6.482785017297935,6.240418581930538
6.506999860705793,6.2657953959333526
6.52778767022075,6.287655822183805
6.552073910924551,6.31327715895413
6.572921608165894,6.335348850991333
6.597276172466206,6.361218218474458
6.6181814047012715,6.38350467204082
6.642601255522005,6.409625890477242
6.665359145438071,6.434065333998712
6.686255434721106,6.456583548897776
6.710750850224712,6.483072394793499
6.733553418370676,6.507831924661993
6.7563565700372346,6.53268638137024
6.777292788190581,6.555589395566447
6.801877083556128,6.582582190097466
6.824725891828609,6.607778412175925
6.847565497539284,6.633065754107105
6.870407991365302,6.658459282140402
6.893253305087565,6.6839606867441175
6.916100261018019,6.709570562770767
6.938947382251869,6.73528924264467
6.959927376388759,6.759002421895335
6.984629425628264,6.787037167094761
7.00748338945823,6.813101217561395
7.031958368252323,6.841145315141012
7.053350755627923,6.8657742693098225
7.075996083039662,6.891956974238893
7.09879113959775,6.918434210980163
7.121595650516513,6.945047898291589
7.1443914422109,6.9717795856909035
7.16717525308871,6.9986279098352675
7.1899457227046675,7.025593692699271
7.214302975661089,7.054591024544929
7.235527317862425,7.0799940616341015
7.258057746600682,7.107088866216907
7.280732493397453,7.134498539840751
7.304979178324547,7.163972470039772
7.326081950942877,7.19160088941753
7.348524096238968,7.219389185137199
7.372660414254286,7.2492421724665945
7.393654239492065,7.275350297771069
7.417600604923919,7.305294974553922
7.438509303228199,7.33159967015462
7.460754298444046,7.359737535056505
7.484659982006207,7.390164302422451
7.505437046928741,7.416778863999035
7.529127741269488,7.4473064991678255
7.549804448738477,7.474125179701678
7.57337780590004,7.504888683149835
7.5954736606907085,7.533927737366317
7.615915435396707,7.560963519404432
7.639285786818707,7.592070289004486
7.661204576548999,7.621460442835363
7.6814441513846985,7.6487798690299185
7.704597758218123,7.68024197925553
7.7262905411916805,7.70994710861602
7.746338612668346,7.737591674510626
7.769262530095488,7.769423759496174
7.790679244855616,7.7994048006475865
7.811995760836882,7.829473407971464
7.8332211049078175,7.859645293279371
7.852870441604235,7.887786686031428
7.875355942150863,7.920234438607264
7.896306263426197,7.950733847129202
7.91715602275734,7.981337443495381
7.937904904683838,8.012048387385613
7.958550851344961,8.042867437393907
7.979092056692952,8.073795634499092
7.999525811107077,8.104833142372415
8.019850466336202,8.135981235802118
8.040064030756465,8.167240883256536
8.060163623325609,8.198612188241842
8.080148040082609,8.230096998082809
8.100014286047902,8.261695381525374
8.119761077705014,8.29340919023204
8.140588241898692,8.327203566732116
8.158953087312419,8.357315377979436
8.178205856085404,8.389183419393026
8.19743483137318,8.421339810116903
8.216542312653882,8.45363120055782
8.236679756774263,8.488046187932435
8.254396625496137,8.518671645233445
8.272976698379987,8.55112170417175
8.291523863404933,8.583878319136703
8.311047066592804,8.61877480031016
8.328207921941786,8.64982608097003
8.346225110659867,8.68278849716605
8.365264939864755,8.718061222274047
8.381986967484389,8.749442051780129
8.400634433875442,8.784864730050735
8.417051461148915,8.816467029777344
8.434271807087955,8.850018765757444
8.45246079125738,8.88594705350633
8.468409047499796,8.917897939981309
8.486175309237082,8.953968516307233
8.501798561393684,8.986153813929242
8.519195518992886,9.02249244248905
8.534486477116735,9.054919160938551
8.551505440465142,9.09153268271995
8.566455942272963,9.124206733326155
8.583088035331569,9.161102128708112
8.598627512390603,9.19616497904281
8.613013302024202,9.22913356626053
8.629042417200786,9.266452913639325
8.644018282142351,9.301954022295073
8.657849261459146,9.335288039667317
8.67325883614338,9.37305424122599
8.687641043170217,9.408984184508494
8.70091076794951,9.442724059928723
8.715683341913511,9.480960714143869
8.729443962091782,9.517312065736647
8.742145133014345,9.551500134386373
8.75626380178936,9.590233320729874
8.769375443817193,9.626997490691751
8.78226854287143,9.663907920786516
8.794944323405906,9.700975389501167
8.80663157633152,9.735872506269997
8.81961346807679,9.775467891034037
8.831641192103415,9.813059674207809
8.84343481354307,9.850790407858327
8.85500260193081,9.888692011255465
8.866343635358062,9.926768962587056
8.876776219479455,9.962648424999553
8.888334665541064,10.003387255866857
8.898990349494936,10.042023157763158
8.909410046299046,10.080838695200432
8.91959527864743,10.119846828019986
8.929544065755048,10.159050838002624
8.939255570738624,10.19845529818203
8.948728229089868,10.238064046521869
8.957960627367797,10.27788118149026
8.966951559908562,10.317911134287323
8.975699715152066,10.358158313975881
8.984203668607554,10.398627098829222
8.992462063210635,10.439322045883165
9.000474271912369,10.480248669380392
9.008238559640704,10.521411309634159
9.015754050766306,10.562815419702522
9.0230193067162,10.604465914241217
9.030033545239798,10.646368598643521
9.036795777365725,10.68852916779478
9.043304577736569,10.730952931398988
9.04955963694696,10.773646656999519
9.055559235935705,10.81661558236928
9.061302927701725,10.859866601918961
9.066789602687349,10.903405975474977
9.072018680669656,10.947240753897535
9.076989011017075,10.991377467177276
9.081700305625414,11.035823856737434
9.086151349174191,11.080586719829837
9.090562669331774,11.128171191281856
9.094272958153452,11.171297421516801
9.097919503074035,11.21683856363424
9.101322642131967,11.262926254537804
9.104464135937526,11.309388102142565
9.107342609942906,11.356218023670575
9.109956741199865,11.40342303769632
9.11230642618144,11.451012923858038
9.114391664405192,11.498997920993519
9.116301736904187,11.550079804241072
9.117757653983185,11.59641234737121
9.119037624155437,11.645398821881285
9.120060346835071,11.695043747666048
9.120817931301247,11.74515700894145
9.121309464217234,11.795732255410584
9.121534472528,11.846779869373558
9.1214936491699,11.898313343542393
9.121186102102635,11.950344564829523
9.120571117571341,12.005790181488528
9.119755943374432,12.056175005676847
9.11865333898772,12.109541310525655
9.117282840028674,12.163686655623234
9.115646586359961,12.21842068221801
9.113744900767978,12.273742484755987
9.111578186162937,12.329667519979047
9.10914665645923,12.386212614894836
9.106291327133064,12.446585511062597
9.103464488732005,12.50151643632038
9.10025472426223,12.559745435982128
9.096770337959645,12.618930833804678
9.093022183877503,12.678854543675577
9.089012104785434,12.739516399156285
9.084740795814522,12.800936442693544
9.080209158557887,12.863137476357828
9.075417057831118,12.92614173528541
9.070365953311807,12.989974522897729
9.065056924744358,13.054661478705214
9.05948967264203,13.120227146704892
9.053665986082713,13.18670000120672
9.047240310473736,13.25787050985391
9.041207477812359,13.322863285890609
9.03464798339475,13.39191092423184
9.027808741723089,13.462280158683372
9.020715339809461,13.533736695465029
9.013370600785159,13.60628906570126
9.005776015992774,13.67997085431493
8.997932631910789,13.754818680998653
8.989841556482526,13.830870920679684
8.98150418860452,13.908167951399003
8.972921555108812,13.986751205644484
8.964095175382733,14.066664586626906
8.955025849745562,14.147952674426053
8.946299098850645,14.225503421154954
8.936187349102367,14.31468561495566
8.926399472061233,14.400376987082181
8.916374556791967,14.487642646612446
8.906113690370896,14.576539954555995
8.895618726065173,14.667128226151869
8.88489101872968,14.759468597115458
8.873931858673888,14.853624882005139
8.862742999166478,14.949664623464544
8.851325643068163,15.04765757911733
8.840415754337725,15.141367436207805
8.827860456192322,15.24937987424718
8.81576210301858,15.353729290084972
8.803449914580883,15.460280314896979
8.790917769540327,15.569187101588142
8.778968800019184,15.673522018439284
8.765258252327286,15.793893910286023
8.752071590150145,15.91047928451374
8.738678308233313,16.029762241569447
8.725929809508694,16.144194252843878
8.7113315830385,16.276346365063667
8.69730355043096,16.404651945999596
8.683965282146657,16.52788202837208
8.668721932135615,16.67022881540065
8.654092267171217,16.808602407443534
8.640190763811498,16.94171174950806
8.624322687924565,17.095625400068638
8.609097898585807,17.24557715050517
8.594660002143977,17.389843593971168
8.578188011582922,17.55695116910922
8.563361995353084,17.70994909795058
8.54649492971997,17.886939104067554
8.531325129611151,18.049129217991787
8.514075450842201,18.23693932090902
8.497543064127093,18.420796439424933
8.481914639669538,18.5980786581069
8.465171294484355,18.791777561277243
8.447126022997335,19.00534280312289
8.43097171635495,19.201151219861067
8.412628710700256,19.428677511059423
8.396163159681898,19.63819563890619
8.377473244642374,19.88198129685036
8.360703915358489,20.10678213555277
8.342834201109097,20.352493508507788
8.323572005808916,20.62518941434552
8.306361826799417,20.876380192696228
8.28804378844914,21.15135898723436
8.269472654711423,21.438866700388463
8.249600014319407,21.75703243312297
8.23183632552016,22.051487344060714
8.212944695658777,22.374820174157843
8.19381934508042,22.713841414043536
8.17455548473311,23.06805903333916
8.153963931026649,23.461935256153424
8.135553299338266,23.828733827380976
8.11601488893044,24.232928393417488
8.096252225477011,24.658969664162747
8.0763604690094,25.106633347211133
8.056350394481516,25.577450431820374
8.03622435973284,26.073272274369263
8.015984737947546,26.596168183645492
7.995633855054262,27.14844270792607
7.975173319858754,27.732666826333077
7.954605932618384,28.351724861183758
7.933933631234649,29.008855666387955
7.913158198795085,29.70771220885281
7.892282170604172,30.452433753004897
7.8713069636866475,31.247721973269954
7.850234989774534,32.09894964462223
7.830578964170628,32.94450840573697
7.807901758265901,33.9856317854477
7.786537689396501,35.04507134055558
7.765105492542581,36.19040413183244
7.745106748191161,37.341674671940375
7.722087523352003,38.7736285957959
7.7004057840868025,40.25243914422575
7.678646296552912,41.87620829590723
7.658386293331385,43.53084368688895
7.635068854484499,45.62421170643029
7.61459474830741,47.671952124590035
7.59113197332966,50.282563733586976
7.569010131536652,53.07866418509353
7.548430310952284,56.01492334706295
7.524785621323409,59.85400086459202
7.504037295368934,63.76509081437487
7.4802709109415755,68.97716105224497
7.459426158865271,74.427177871779
7.4355535054515105,81.90832872481096
7.414619295970402,90.028182468523
7.392265272334104,101.06007415709517
7.36815725774603,116.9713917460369
7.34710377005356,136.0171025459293
7.324620403830853,164.34034276626775
7.300407788656943,212.37005942215524
7.279249985687568,288.22379296633954
7.256690601976344,463.6053348252049
7.23235250548856,1836.715640684975
7.211101825917292,919.2393893840754
7.188514658645643,97.96837859024467
7.1657412402095835,14.479313093843919
7.1429360167021,7.8994014744371945
7.120117105032583,7.501411960474786
7.097287433778523,7.465436903024926
7.0728213216880205,7.442040135945509
7.051419719268387,7.42181051416209
7.0287351393775435,7.400332250924805
7.005885726440816,7.378657765690734
6.9830132115461145,7.35692075888813
6.9601355504423115,7.335138456358694
6.939126797131468,7.3151005754305825
6.914419284058779,7.291494317750871
6.891545177715305,7.269596113338932
6.8686772612298315,7.247664668108418
6.845811718418878,7.225696592450952
6.822950353149776,7.203693982316813
6.800093727265751,7.181657617938365
6.779127735889389,7.161410948500818
6.754537398569529,7.137625938969527
6.731689738059756,7.115485370392186
6.7088730050947385,7.09333752840444
6.687971584848281,7.07301676051795
6.663480031239875,7.049168455704621
6.640660292626077,7.026908223195866
6.619813149854047,7.00654065813334
6.59540731931655,6.9826600104856
6.574504613705392,6.962173090467128
6.550149818302271,6.938266720961323
6.529305482242439,6.917772597212171
6.505021174929712,6.8938609422617985
6.484238608724556,6.87336424296121
6.460027602803484,6.84945147598413
6.439309020405551,6.828955601773278
6.415174190955665,6.805045941409198
6.394522307400544,6.784554799839264
6.3704662473109215,6.76065214476941
6.3498828015273965,6.740168582396663
6.327820117095557,6.7181839913235635
6.303742822057933,6.694155867125072
6.283266477202328,6.673690283287156
6.261359595042072,6.651766596788778
6.239283512084969,6.629642891779377
6.215420001992625,6.605692426479651
6.1951056538002565,6.5852739376623735
6.17341163626562,6.56344129564335
6.151562740854748,6.541423151515794
6.129747742089154,6.519409173894209
6.107990833595716,6.497423996266635
6.086294630444811,6.475470596786166
6.064659250914628,6.453549425925774
6.043084607092401,6.431660718349622
6.021571308154104,6.409805445752271
6.00011945307224,6.387984031357809
5.9787287203924215,6.36619644507627
5.957399726176388,6.344443649498133
5.936132524784338,6.322726004370616
5.9149271274437085,6.301043818419869
5.893783592683637,6.279397445789364
5.872702349020177,6.257787630206848
5.851683244348985,6.23621449239783
5.830726337610328,6.214678373249593
5.809832079909721,6.193180027569227
5.7910654895503955,6.1738484940376
5.768414681617202,6.150489187640951
5.747667126051521,6.129063632844181
5.727031651016622,6.107727849619233
5.708512967246271,6.088558993216017
5.686196696784928,6.065433435383891
5.6657012170261645,6.0441666039230135
5.647359018919877,6.0251127233397765
5.625292141175755,6.002164406788575
5.604998943446541,5.981033190909203
5.586878073924977,5.962143138262843
5.565071037859091,5.9393858193460405
5.546954434722129,5.920456993015936
5.5252950044356535,5.897801917922793
5.507320875857452,5.878979053288906
5.4858340412329225,5.856453453421939
5.468003538709552,5.8377388131791506
5.446688161371268,5.8153427003543205
5.429000061563435,5.796736010534685
5.409779973110557,5.776497885132385
5.388587076540162,5.754156707945377
5.371115849012375,5.735717191962054
5.3502305440621285,5.713651511725976
5.332899549753503,5.695320068487408
5.314136524939799,5.675454831080558
5.293340710944465,5.653412629372728
5.276217000551765,5.635242722682173
5.2577298332863664,5.6156183141048075
5.239076085222364,5.595815334413921
5.218646996571937,5.574126883615129
5.201810181604087,5.556251675683542
5.183670745902201,5.537134965335606
5.16537828314403,5.518310374990619
5.1471428335238665,5.499616552823603
5.128994910527573,5.481002469095428
5.110937579074552,5.462461900571594
5.091198923322177,5.442171537960827
5.074861395462101,5.425357986830054
5.05731111333405,5.4072789179371625
5.039635530174072,5.38905176953151
5.0220156941718885,5.3708628288782165
5.004478549855945,5.352740026752086
4.98702771459242,5.334687345450622
4.969663322087521,5.31670518163482
4.952384548639963,5.298792921809705
4.935191260153142,5.2809506870192475
4.9180829160511195,5.2631781584222965
4.9031213833680205,5.247620873976988
4.884223111769305,5.227951566493914
4.867342404790028,5.21036145191661
4.850578072852516,5.192874682317359
4.8338973847119515,5.175461359713866
4.8172986992484645,5.158129994461214
4.802768213304447,5.142956858241276
4.784490943843207,5.123869854390498
4.768132995657197,5.106785719169954
4.751867208621637,5.0898554501050635
4.735681882868315,5.073171869622485
4.721574349515862,5.058636947868481
4.703823973368187,5.040339109376127
4.687800153317209,5.023816569996659
4.673883797331783,5.00946551835386
4.656424548169194,4.991459161245823
4.640664841089613,4.975198563307643
4.6269816453836485,4.961004212646484
4.609821401187511,4.943148458366742
4.596155481000361,4.92890814503763
4.579164829764998,4.9111869564543165
4.563843793422227,4.895192168532169
4.550536095311939,4.881296325084081
4.533862384789549,4.863884465874847
4.52058520157998,4.850018547091462
4.504077813782965,4.832778201379641
4.490952508878157,4.81906922961411
4.474635386583603,4.802025564859116
4.461661482922066,4.788526444138165
4.445532204920199,4.772021183923792
4.432707589665148,4.758942902813206
4.418560675302372,4.744509289528964
4.402535444878024,4.72814929367179
4.389932084138769,4.7152800474062575
4.3742661558071925,4.6992821551674995
4.36180978434012,4.686560566630923
4.348105773036091,4.672635194575441
4.332532165705053,4.656875197325457
4.320285967747333,4.644487800634721
4.306831262863493,4.630877078580935
4.291531269255041,4.6153981213839135
4.2794968992994304,4.6032217284956065
4.266319477522124,4.589887705409523
4.252963394605934,4.576371737243434
4.238037819862218,4.561305603663172
4.226286155487009,4.549481166346781
4.213434724274128,4.536542333102883
4.200424787169474,4.523433671208812
4.187462686887045,4.510362418002418
4.173015079994994,4.495780014769612
4.1616078399661065,4.4842560449798
4.1491631710665136,4.471675025252535
4.136576511080549,4.458940449332118
4.124035435472584,4.446241727233352
4.1115728984897455,4.433612289512553
4.099193225160725,4.421056684728425
4.086896121959918,4.40857486310731
4.073169021626011,4.3946345048149
4.062293384324109,4.383588956699079
4.050485489264798,4.371596141055538
4.038551411763221,4.359474717558308
4.02665732272879,4.347393488595057
4.014834678584062,4.335384416722859
4.003089314570408,4.323453497927815
3.991421528790238,4.311601065103148
3.9798308867413006,4.299826715000768
3.9683168983620485,4.288129992650352
3.956878993057592,4.27651035631437
3.945516765206193,4.264967441471593
3.9359929941643688,4.2552921244123505
3.9230681845941655,4.242161543323091
3.9119282409694804,4.230844187581646
3.9008700610082827,4.2196098755711935
3.889885126918882,4.2084500073077935
3.878972555159993,4.197363706034581
3.8681320986810444,4.186350770774984
3.8573634110021815,4.175410891605315
3.846665955188152,4.164543551467157
3.8377209400086025,4.155456637042771
3.825627640233525,4.143171744469526
3.8151087483648327,4.1324865313571495
3.8046950155671553,4.1219084571919815
3.79435261722955,4.111403205405189
3.785699156709434,4.102613787141136
3.774037023709569,4.090768856642792
3.7638774311109198,4.080450556959242
3.7538108978473943,4.0702272765835685
3.7453811015958056,4.061666644743747
3.7340530625878703,4.0501633598669
3.724179190829321,4.040137443150774
3.714384875919504,4.030192971898814
3.706210685868458,4.021893972557094
3.6952235076260993,4.010739783178831
3.685581691843653,4.000952280713846
3.677557989063558,3.9928079583726714
3.666805718730447,3.9818948670361602
3.6573789758142143,3.972328142839584
3.6495283431006937,3.9643616353578524
3.639016255411468,3.9536953310779057
3.62977787273931,3.9443225492942897
3.6221125553279814,3.936546505571993
3.6118416737197796,3.926128297129052
3.6041807201341802,3.918358435823255
3.594036838952674,3.908071505429317
3.5851464059283633,3.8990570388350085
3.577755529277271,3.8915639635060906
3.567866711383839,3.88153965344848
3.560493674921752,3.8740667192815184
3.550731720235831,3.864173851405078
3.543471161796683,3.8568171283772408
3.533859104288999,3.847079153658428
3.525398055147466,3.8385089304294455
3.518405750891679,3.831427496336279
3.509043663147368,3.821947590455116
3.502060431140632,3.8148778143315303
3.492814396492621,3.8055188112110714
3.4859371624576023,3.7985589665951562
3.4781285846200767,3.790657883410418
3.468942230584517,3.781364681439796
3.4622278164174585,3.774573757861553
3.4533400590102326,3.765586514241306
3.4467309536372936,3.758905029774811
3.4379830437608416,3.750063184384553
3.431477917322172,3.7434898626515865
3.4228682268879975,3.7347918652802887
3.4164658812930395,3.728325566815886
3.409210672476479,3.7209994331146903
3.400670286342899,3.712377954063101
3.394420788573832,3.706071009905246
3.386151807060523,3.697728168395484
3.3800037096689923,3.691527034837146
3.3730536778292914,3.684518748845617
3.3648503745767857,3.676249289784964
3.3588492347446137,3.6702018361367648
3.352050216445579,3.6633521337887105
3.3440696416623217,3.655314825590826
3.3382183864291695,3.649424154714562
3.331584279881168,3.6427472340126963
3.3238098401315934,3.6349255159177223
3.318104258835912,3.6291875242976546
3.3116465245153597,3.62269507124487
3.304062241380583,3.6150730792836896
3.298499038166194,3.609484608458886
3.2922274605220125,3.603186608653225
3.2848198855117636,3.5957510308463942
3.2793955694895573,3.590308719448349
3.273316589012454,3.584211750156544
3.2671069962956696,3.57798635348884
3.259963648270646,3.5708283383405575
3.254728040493093,3.5655846635193473
3.2488538564558436,3.5597037320246687
3.242867194051704,3.5537129290383156
3.235981541084384,3.546826254916149
3.2309293850061716,3.5417762022752104
3.225273938995193,3.5361255587160034
3.2195129058681293,3.5303722832181665
3.212858131777649,3.523730455944025
3.2079844289951827,3.518869268707353
3.2025576470124206,3.513459009418033
3.197024152511962,3.5079453846805744
3.1915104919087525,3.5024547610605548
3.1851648794189775,3.4961399809885996
3.1805131548052876,3.4915140929025097
3.175345801197273,3.486378239193697
3.170080928621944,3.481148693725512
3.164835660389599,3.4759420781147083
3.159637960955559,3.4707862660896587
3.153661887627567,3.464863016341924
3.1492720626245223,3.460515530507761
3.1444049996159653,3.4556984280310705
3.139452342029687,3.450800133197916
3.1345202471635596,3.445925910634007
3.1296342071150685,3.4411010856893465
3.124798748239158,3.4363301175828553
3.1200147221159407,3.431613890424664
3.1145267045218925,3.4262088177698695
3.1104777111126323,3.4222249611889843
3.1059936188863086,3.4178164161562345
3.101441148193886,3.4133445445389583
3.0969129437513696,3.408900700173336
3.092429673516928,3.404505252076243
3.0879951641279866,3.400161962639188
3.0836101792332946,3.3958716245591933
3.0792744491705095,3.3916339657783916
3.0749878587032184,3.3874488952759614
3.0700547830655043,3.382638600023499
3.0664185266231225,3.3790973756240072
3.062415686666103,3.375203070328126
3.0583543368260253,3.371256344673431
3.054314936124742,3.367335708758055
3.050317476282163,3.363460699904662
3.046366478117463,3.3596357420660583
3.0424626964728683,3.3558615706219324
3.0386061736436543,3.3521382394747623
3.034796742206829,3.3484655931597254
3.0310344278525716,3.3448436934819554
3.0273188889339804,3.341272197551114
3.023650002468983,3.337751003605051
3.02002763832722,3.3342800017966967
3.01645160054457,3.330859009372439
3.012921671197822,3.3274878190616604
3.009437669858105,3.324166264727914
3.0059995874639753,3.3208943693083253
3.002607236166429,3.3176719580981637
2.999260357941382,3.3144987786024322
2.995958966528083,3.311374878402467
2.992702872108942,3.3083000799929216
2.989491819384074,3.3052741332399744
2.9863258112570694,3.302297073248226
2.9832046104092464,3.299368669379136
2.9801283497913875,3.2964891003111414
2.977096406532409,3.2936577085890386
2.9741092012742136,3.290874990834536
2.9711663038866236,3.288140502434742
2.9682675894255457,3.285454136172324
2.9654130349662835,3.282815897615383
2.962602623085553,3.2802257983632415
2.959836159355499,3.2776836539527503
2.9571133898011763,3.275189213772264
2.9544344553811928,3.2727426644461
2.9517989743015463,3.2703436135194566
2.9492070162340314,3.267992168460743
2.946658464731387,3.2656882304976533
2.9441533510301054,3.263431864441623
2.9422380730219913,3.2617124903869605
2.9392865106153128,3.2590715580163767
2.936903762590473,3.2569506026135797
2.9345707126894047,3.2548828657722333
2.9322807275076594,3.252862394700403
2.9300336548461847,3.250889092665327
2.927829112786393,3.248962567688838
2.9256671214819536,3.2470828717795963
2.9235476654856867,3.245250017318705
2.9214706911532287,3.2434639742624674
2.919436074742069,3.2417246346918716
2.917443700461969,3.240031899423586
2.915493473728957,3.238385692740983
2.914005553346289,3.237137205020596
2.9117290147756467,3.23523844363614
2.9099045379016615,3.233731218537679
2.9081220402102836,3.232270359216999
2.906381585569162,3.2308560578203127
2.9046829950527355,3.229488147206597
2.903026037279295,3.228166399419119
2.901410778323353,3.226890917033582
2.8998372097956278,3.2256617198713293
2.8983051492445315,3.22447863412803
2.896814795808227,3.223341910480342
2.895687318310379,3.222491729443069
2.893972358891618,3.221213725405548
2.8925992117320876,3.2202096579172252
2.891273208140024,3.2192559514674066
2.8899890602729825,3.218348809156078
2.8887459267209885,3.217487425204016
2.887544199300317,3.216672273037812
2.8863836512400796,3.2159031301745817
2.8852641566125916,3.215179885647258
2.8844239986373625,3.214650221290589
2.8831577569234934,3.2138724423176463
2.8821557628730234,3.2132829644245757
2.881199122985579,3.212742148552105
2.880283879574236,3.2122476460183558
2.8794094790722133,3.2117989745463107
2.878576044340182,3.211396309315936
2.87778334668666,3.2110394256926775
2.8771954304804535,3.210793488644279
2.876322768649896,3.2104576995583782
2.875650188828392,3.2102368806281354
2.8750196918938378,3.2100625732189325
2.874429823995442,3.2099340368821547
2.8738808660167865,3.209851651535765
2.873372565692286,3.209815168173247
2.872904956456405,3.2098246544044193
2.8725692625061865,3.2098630148297844
2.8720891532374906,3.209969781126126
2.8717413781281307,3.210115952089885
2.87143519918586,3.2103081411021552
2.871169691235101,3.2105463785230173
2.8709446668196006,3.210830532049513
2.870760268603419,3.2111607954137833
2.8706165078600567,3.211537212297619
2.870532434842509,3.21186021150242
2.87044300376984,3.2124095310882836
2.8704194996710544,3.2129249099672905
2.8704368023089883,3.213484685671631
2.870494874014197,3.214090802445093
2.8705934217835947,3.2147430689054595
2.870732480460353,3.2154415645487195
2.8709122785687438,3.216186577909992
2.871078868625466,3.2167946094420925
2.8713792923594657,3.2177880393509977
2.8716809998256005,3.218675830966135
2.872022026342215,3.2196055116768423
2.872403668121653,3.220581525651701
2.872825939107901,3.221604106752322
2.8732889495565823,3.2226734287232017
2.8737924151798677,3.223789207488762
2.8742093371912696,3.2246838146033188
2.8748999581940424,3.2261246397670837
2.875528398352765,3.2273880987852164
2.8761940276197246,3.228690712505459
2.8769000690845172,3.230039640321547
2.877646893427254,3.2314355665059438
2.878434538569863,3.232878590335028
2.8792629499062405,3.234368687253007
2.8799317535145312,3.2355539951683747
2.8810152782987095,3.2374486341975306
2.881970732857456,3.239089013465104
2.882962030993519,3.240767793475187
2.8839941798886106,3.242493709728526
2.8850670295568475,3.244266815214355
2.8861810701009145,3.24608771307818
2.8873361001098456,3.247956214264737
2.888261483094471,3.249440471038561
2.8897437325380384,3.251799402753521
2.891023062336895,3.253813267325101
2.892342019582213,3.2558725771001487
2.8937021189133207,3.257979814068354
2.895103768387323,3.260135502528506
2.8965467003749628,3.2623393800918894
2.8980308738883767,3.264591437911284
2.899556693847481,3.2668921695442954
2.901123927662864,3.2692413507251006
2.902367355790458,3.2710959466370872
2.90434933313395,3.2740385149169704
2.9060474195375203,3.2765431730543795
2.9077810053123203,3.279087500417066
2.9095560956166553,3.2816804677846414
2.911372993218425,3.2843225547377544
2.9132317844150495,3.2870139052913814
2.915132552074375,3.289754653547924
2.9170754797294873,3.2925450469732183
2.9190603720408204,3.295384905683916
2.921087475473779,3.298274548712611
2.922691736040549,3.300554383165025
2.9252395701456715,3.3041647696356597
2.9273954704490364,3.3072071468595796
2.9295917937389833,3.3102968857776705
2.9318306681381214,3.313436989897982
2.934112376441059,3.316627836797618
2.9364366225612746,3.319869135890147
2.9388037026323492,3.3231612655966436
2.9412137366926445,3.3265044057338344
2.9436666740012005,3.329898543366331
2.946162629747079,3.3333438535641773
2.9487018243598935,3.336840630931007
2.951284315477693,3.340388986372895
2.953910233725323,3.343989113822792
2.9565793786305554,3.3476408328022074
2.9592921070746936,3.3513445941760613
2.962048593482269,3.3551006428557995
2.9648487241820054,3.3589088979187314
2.9676925601453426,3.362769476598261
2.9699316401438205,3.365804304217092
2.9734886522472985,3.370618348191108
2.9764708027612734,3.374645698594382
2.9794921528038927,3.378719325951271
2.9825578932543952,3.382846288512662
2.985668178933973,3.387026831907448
2.9888231422536506,3.3912611586769454
2.9920229952411455,3.3955495618658786
2.9952677343694476,3.399892090514994
2.9985576514309105,3.4042891294020454
3.001892622072341,3.40874059154909
3.005273087032073,3.413247032129918
3.0086993210438453,3.4178088187170776
3.0121709458202752,3.4224255777339128
3.0156883384974074,3.427097794183001
3.0192517880596963,3.431825853810729
3.0228614663320577,3.4366100100334678
3.02651735673192,3.4414503027776946
3.030219586235832,3.446346935790888
3.034593752464607,3.4521258884348343
3.0379129517629107,3.456506411306492
3.041635889604568,3.4614158175486747
3.045495133097961,3.4665006210664955
3.049423259301734,3.4716717220896247
3.0534040820757493,3.4769077047403734
3.0574334942797488,3.4822032298501506
3.061510995794003,3.487557626241896
3.0656365838914996,3.4929709204692054
3.0698102253708326,3.498443134268453
3.0740322027834823,3.503974656191385
3.078302877724805,3.5095659672241855
3.0826223951724727,3.515217302768743
3.086990905163627,3.520928905014116
3.09140845494049,3.526700899883589
3.0966175949250085,3.5335024200545004
3.1005454924963898,3.5386275748859166
3.104960298282499,3.5443851787127416
3.10953897983596,3.55035329139765
3.1141953152575637,3.5564193339066112
3.118908155421202,3.562555718457653
3.1236730754643895,3.568756678373666
3.1284891150956726,3.5750210383542784
3.133356624630738,3.5813492532745395
3.1390749739832544,3.5887797412061095
3.1433803848204236,3.5943714708429857
3.1482390279390993,3.60067941482593
3.1532762364755134,3.6072165843788038
3.1583939655767566,3.6138556030563804
3.1635700136362948,3.6205676253859855
3.1696613707158567,3.6284632572298623
3.174226144283531,3.634377751932757
3.17937528888824,3.6410474457400013
3.184721248084765,3.6479699010907503
3.190155019633485,3.655003811949551
3.1956499426280023,3.6621146774429865
3.2020831958215115,3.6704370363174466
3.2069100540571336,3.676679343567963
3.2123860604455943,3.6837595405492074
3.2180648536967094,3.691100145202844
3.224778039488421,3.699775460310241
3.229787177125983,3.7062469499845965
3.2354507769783556,3.713562619467498
3.2413393749313446,3.721167381854238
3.2473245818064904,3.7288953626408006
3.2543140544843876,3.737918082871736
3.259547066981171,3.7446720442993833
3.265516181898679,3.752374977014256
3.2727238691114344,3.761674665322964
3.2780999567755327,3.768609999261831
3.2841959813628767,3.7764731680359103
3.290542325967804,3.7846581895155627
3.2980055907533434,3.794282516010658
3.3035671272376375,3.8014535504658022
3.309916024244681,3.8096391194491144
3.3175732396729725,3.8195105868706154
3.3232795319770494,3.8268662947621648
3.3297851484217955,3.8352518886825298
3.337647423527643,3.8453855238232486
3.3434995207695177,3.852927795932208
3.350177087446191,3.861533633700195
3.358237235573398,3.87192088994577
3.364235344388858,3.879650542125252
3.3711017441941618,3.8884989982300096
3.37935062916251,3.8991288837563127
3.38549517475541,3.9070470118248894
3.393746066402267,3.9176795252027112
3.3999869683840576,3.9257220083066127
3.4071279537875228,3.9349245811943874
3.415733887839385,3.94601537148525
3.422132638564336,3.954262046281066
3.430722122463557,3.9653326187288647
3.437218482154713,3.9737059364934892
3.4446903170398793,3.9833370833132817
3.4536250489912415,3.994854747491068
3.4602791576491194,4.003433216275999
3.4692153827417194,4.014954719669417
3.4759746323564586,4.023670289937681
3.485052018230782,4.035376052092748
3.491917706328851,4.044230721626635
3.5011377353701314,4.056123100019202
3.5081110299793674,4.065118718529653
3.5174758327314137,4.077200842531627
3.524558385597627,4.086339839349694
3.534069425225159,4.0986140903897725
3.5412625606015014,4.107898536174889
3.5509215955548044,4.120367663262451
3.5595653546863018,4.131528281143958
3.566821954223799,4.140899357685584
3.576674951339473,4.153625457244595
3.584145684511403,4.163276566543714
3.5941803179618943,4.176242173628853
3.6017692589444494,4.186049865542243
3.6119599221501617,4.199222421858434
3.6210329827680403,4.210953339900145
3.6287016825669283,4.220870548621981
3.639102284304692,4.234323426917279
3.648403680300642,4.246357820371009
3.656225551651004,4.256480239123232
3.666855714474418,4.270240021224714
3.676367478557055,4.282555814099788
3.6843609974390357,4.292908324322642
3.69523204298183,4.306990966956214
3.704935736196771,4.31956544058988
3.7131212831623994,4.330175377185691
3.724246098479315,4.3445989416932
3.7341188633480447,4.357403665632707
3.744040510497294,4.370275729368283
3.752436043924375,4.381170940329499
3.7638851061721623,4.396033049950077
3.7740443781044295,4.409225866829188
3.784239783302364,4.422470031755041
3.794500755916056,4.435803908890945
3.8031652803670952,4.447066755902546
3.8150277041193292,4.462491311262391
3.8255618474722963,4.47619443757285
3.836108089703761,4.489918393322465
3.8467198020258375,4.503732675428124
3.8557248066719185,4.515459390789554
3.8680507760719705,4.5315162789762935
3.878882463527773,4.545633137282962
3.889783230568023,4.559845685141676
3.9007559505534317,4.574157849153143
3.911801128451004,4.588570464189656
3.922919196836244,4.603084275149192
3.934110779289467,4.617700255240219
3.9453761338708087,4.63241895358972
3.956715757036271,4.6472412039262805
3.9681304126106274,4.662168159279051
3.9796203010762334,4.677200316408864
3.9911860033446542,4.692338624286213
4.002828147513647,4.707584093166516
4.014547266115396,4.722937626945361
4.0263439513946615,4.738400205868455
4.038218575516532,4.753972557471693
4.050171876394462,4.769655846170638
4.0622045475403175,4.785451191133827
4.07431713545079,4.801359545503798
4.086510308482145,4.817382203732386
4.098784637958634,4.833525888344885
4.111140991572148,4.849798685155888
4.123579830067348,4.866202826652013
4.136102137340355,4.88274023948176
4.150244249195557,4.901445527801885
4.161582282396804,4.916465167942103
4.174095177405856,4.9330620288325235
4.18690606758301,4.950077893908219
4.199839029136721,4.9672808878681005
4.214467647640978,4.986770560758097
4.22614618065295,5.002355053152108
4.23905047181588,5.01959780285096
4.252284998098995,5.037262289425052
4.267298730585779,5.057224660610428
4.27925617526639,5.073126789287902
4.292490998268808,5.090737377007051
4.306079330938777,5.108829812334385
4.321423938361864,5.129275537808436
4.3336605234399865,5.14559206770863
4.347296238927524,5.16378517807807
4.362905282141375,5.184530374654472
4.37535692138181,5.200976743299228
4.391003453223605,5.221653366862725
4.403596332037581,5.238305919872331
4.417616761052635,5.256857480988195
4.433720223313831,5.278192130221782
4.446539902502829,5.295205719982115
4.462646583368899,5.316537201595422
4.475609877415096,5.333343514994918
4.491902103314371,5.354377662748414
4.505015398954352,5.371304280559989
4.521496461113028,5.392587795519681
4.534761943928145,5.409728494687197
4.551434688912041,5.4312829118641375
4.564854912604706,5.448642760625788
4.581721891133247,5.470476780919214
4.5971416779171514,5.490470820344627
4.6106525658043,5.508018123968881
4.627778461546955,5.530296267903804
4.641588256165093,5.548349692915713
4.6589475737476995,5.571203767128746
4.674751331943956,5.592048439221209
4.68868370410673,5.610437579322821
4.706323434738231,5.633735697346369
4.722363234485183,5.6549412512667825
4.738462858255929,5.676260221289944
4.752656062747879,5.695068983615817
4.770687586934419,5.718687623550488
4.78708076486953,5.74005379263901
4.803509875076169,5.76147750213432
4.820016735741185,5.783016687709633
4.834574379998414,5.80202422154975
4.853117555172956,5.826253827974641
4.869923691848348,5.848252446366965
4.886769421841782,5.87034580970669
4.903695756980292,5.892588487287311
4.920704986881228,5.914984386196876
4.937798064148518,5.9375356317477115
4.954975176998539,5.960243440003205
4.972236804141244,5.983109397624317
4.989583523386754,6.006135234771502
5.007015988229671,6.029322798254333
5.024534356972706,6.052673364408526
5.042139396176749,6.076188968762559
5.059831522854834,6.099871254052267
5.07761145929686,6.12372226019759
5.095479722839651,6.14774381069278
5.113436687365232,6.171937587218418
5.131483132529159,6.196305793363284
5.149619690923011,6.220850490865573
5.169657124357609,6.248033077015088
5.1863531876364055,6.270494542585157
5.204479131328909,6.294130390594832
5.222929667857096,6.318038704926378
5.241507274194386,6.3421032088685045
5.261995297536125,6.368657848033811
5.279045813309536,6.3907733503518145
5.297634462254729,6.414915248986593
5.31842040951563,6.441969936490211
5.335686468496276,6.464496326633606
5.354509379298152,6.489102959094601
5.375567206154998,6.51669623232551
5.39304743300297,6.539657709809372
5.412153522465148,6.564806536791187
5.433445157679119,6.592900511609551
5.4511364127714215,6.616302921269663
5.472444482762987,6.644553637046795
5.49027530339895,6.668254194650874
5.511753253084544,6.696868609913382
5.529726701630727,6.720876137722595
5.551375980434401,6.749861970509793
5.569492717905455,6.774182433598915
5.591314498469861,6.803547333001383
5.611508501625258,6.8307998272836805
5.62971811416354,6.855435081409966
5.651774127813743,6.8853475965681366
5.672211769106125,6.91314722083757
5.690608339434405,6.938234601101174
5.712914430429967,6.968730822945517
5.733549593306779,6.997028782451619
5.752171716673524,7.022633716774859
5.774741608693558,7.053748240513659
5.795520571168294,7.082484776559529
5.816353298907303,7.111378852771805
5.837247942852536,7.140443248082418
5.858204787373093,7.169679986772425
5.877159253662331,7.196197205189043
5.90021608639299,7.228543890272132
5.921392392740427,7.258353448121788
5.942608623328928,7.288311358355707
5.963885695490279,7.318448715141373
5.985223949938692,7.348767895142999
6.006623559669254,7.3792710193187565
6.028084478404343,7.4099599803453815
6.049605993757909,7.440835897351579
6.071188316894535,7.471901069664259
6.092831583380276,7.5031577548241355
6.116340220105449,7.537229417651928
6.136488201608632,7.566535693904795
6.15806590201014,7.598020274561825
6.1799064270226625,7.629997252322522
6.201832978518651,7.662213325758882
6.223822442682546,7.694637346792776
6.247660994374137,7.805509190826576
6.268059805669305,7.98372822811311
6.289994083067683,8.178361193203058
6.31401889228697,8.394113037161764
6.334535592608905,8.58049268040124
6.3565931830847475,8.782848456605024
6.380763993424308,9.007090555173912
6.401390566793355,9.200652860226201
6.423613124044138,9.411239656612143
6.447882759353531,9.643816302254985
6.46860981197506,9.844726800025079
6.492825998914345,10.08188328114917
6.513615368379831,10.287785499231052
6.537903609332133,10.455953125730284
6.558754037335342,10.493569203387382
6.583112145392642,10.532975973757823
6.605848229021082,10.569356946970219
6.626681665940012,10.602690637717968
6.651118264210452,10.641789221812374
6.67394616331903,10.678313861238479
6.694831003204463,10.71172960511759
6.719347937135939,10.750956699417209
6.7422152141502565,10.78754434264039
6.765044017980388,10.82407042876862
6.785971812409076,10.85755489985452
6.810576120265109,10.896921792424173
6.833481533696614,10.933570453914582
6.8563442276251045,10.970150764200167
6.879207915202441,11.006732664323906
6.902074011939633,11.04331841910341
6.92307356049385,11.07691769679016
6.947782767515421,11.116452428024674
6.9706597260740875,11.153055561718539
6.993533851290327,11.189654162064523
7.016404209568877,11.226246735310204
7.039269879477189,11.2628318071635
7.063754297024831,11.30200687523973
7.085143272070885,11.336229235313416
7.107796555459388,11.372474488735019
7.130598784964022,11.408958055942435
7.1534080506212,11.44545288099392
7.176206589644776,11.481930543431641
7.198990960575445,11.518385536920709
7.223357912435064,11.557372659896105
7.24459048709946,11.591344779359135
7.267136320786387,11.627418113258218
7.289823576082358,11.663717721731773
7.314070383198819,11.702512613118108
7.335178152846804,10.269349451115675
7.357639827470161,9.001275170300122
7.38177011054426,8.960335357789534
7.402766760748989,8.99586492790375
7.426716328188559,9.037517712039868
7.447627367555397,9.074213353845924
7.471476467119906,9.11634872870829
7.492296626065561,9.153402856386615
7.516038268874763,9.195948428669595
7.536760514486551,9.233363649782975
7.560386794095569,9.27632532667257
7.581004825124579,9.314108248745454
7.604508410986049,9.357493472527091
7.625015435046418,9.395650614638676
7.64838792268739,9.439466035603367
7.670266409362299,9.480834356115635
7.690526395293129,9.519438237510276
7.713676520141317,9.563892946517136
7.735321250042886,9.605831240221844
7.756876791065264,9.64794931962083
7.776832800482385,9.687260890830041
7.799658018721827,9.732595471859508
7.820966351253754,9.775321479643933
7.842174250650748,9.818226884902042
7.863288190826242,9.86132967366946
7.884306168670861,9.904631687339243
7.905226433949474,9.948134983775843
7.92458575267237,9.988756982678279
7.946753575358106,10.035697463681208
7.967376560746387,10.079831807336843
7.987892056303561,10.12417169156292
8.008298991586335,10.168721637794016
8.028595710599172,10.2134841963269
8.048779756149804,10.258460956189232
8.070090333921694,10.30647031999569
8.088900972109105,10.349321476278641
8.108606122180104,10.394665087888352
8.128300327087075,10.440478261265978
8.147882169370007,10.486540923428237
8.167339316678516,10.532832770522806
8.186668867500858,10.579354421433546
8.207047576364154,10.629004513304166
8.224987341201281,10.673258146283645
8.243796023889955,10.72017933416303
8.262576859845627,10.767603450579498
8.28237025457918,10.818239506292258
8.299766072217848,10.863336078836259
8.31801098512966,10.91120350450682
8.3373383223386,10.962601472737383
8.354304446007509,11.008353082170153
8.372095604810507,11.056937166499882
8.39092297342231,11.109087371710952
8.407439568552652,11.15551229052015
8.425851303571074,11.20798398433784
8.442055771786261,11.254863886650789
8.459047580449017,11.304699107378035
8.476992334822874,11.358151194380325
8.492718075784394,11.40574797530989
8.510230456463576,11.45955501199513
8.52562471744555,11.507637415060737
8.542760386810297,11.561999001599473
8.558797403045398,11.613782540674976
8.573630248107298,11.662458919310057
8.590177209880363,11.717656256782238
8.604708313875786,11.767006257778728
8.62086268653179,11.822813493486976
8.63595568708069,11.875974665229544
8.649894418340555,11.925949897652803
8.665427066506217,11.982648379443562
8.679930484956625,12.036685385764615
8.693308753406374,12.087477143879916
8.70820636617322,12.145123699244785
8.722091665724161,12.200033428129348
8.734901426077542,12.251711273114605
8.749147214805959,12.310354248433793
8.762387713985108,12.366133908504048
8.775403997345583,12.422191356123381
8.787418700330258,12.4750638557786
8.80076414236758,12.535093920413695
8.813131131400615,12.592142577819281
8.82527371171565,12.649513857567246
8.837192943926658,12.707225190919607
8.848887150253468,12.765282275198615
8.859652053855692,12.820056122331627
8.871587182489,12.88232241874326
8.882603505789245,12.94147836539449
8.893384731109524,13.000985143397134
8.903933365620363,13.0608681132028
8.914247636473737,13.121133657165656
8.92432656968053,13.181789231478453
8.934168188392164,13.24284095954799
8.943771777512884,13.304296978155072
8.95313526068738,13.366163565312922
8.962257581005485,13.428448668500653
8.971137694466778,13.49116042885289
8.979773917213258,13.554306201166625
8.988165232464732,13.617894515226048
8.99631028023997,13.681933569518701
9.004208082212472,13.746432329473809
9.011857245426285,13.811399327308644
9.019256984671289,13.876844224624385
9.02640566870377,13.942775595022098
9.033302695168382,14.00920380641129
9.039946364539738,14.076137756308057
9.046336445856614,14.143588847764336
9.052472074697363,14.211567753673991
9.058351647020261,14.28008423158526
9.0639745471736,14.349149837124331
9.069340086206353,14.418776285294971
9.074447132291795,14.488974864405465
9.079295093651822,14.559758002839041
9.083883550622039,14.6311387102752
9.088211194282867,14.703128875937008
9.09227772532201,14.775742327345801
9.096282828267478,14.853079099311508
9.09962595830961,14.92325352174815
9.10288564905285,14.99744256793657
9.105900070289596,15.072651181166076
9.108652335063848,15.148586829715127
9.111140373717578,15.225236488500485
9.113363689101865,15.302614111696307
9.115322146412582,15.38073671520162
9.117015244976553,15.459621301619235
9.118511106446366,15.543735772152623
9.119594529380867,15.620130543929694
9.120482953901002,15.700997234839646
9.12111215500184,15.783074652754216
9.121476186764337,15.866044314722314
9.121573971175598,15.94989498882986
9.121405266979874,16.034645397604038
9.120970267948396,16.120317929886404
9.120269468142343,16.206936327984547
9.119238797770869,16.299378989223975
9.118050528083453,16.383489364397395
9.116556799175187,16.472672417056703
9.114793647813345,16.56328294102084
9.112765123294906,16.65499796804048
9.110471811316964,16.747815958860183
9.107914028942602,16.841763618188406
9.105091822803525,16.936870113016106
9.102006137827471,17.0331673562272
9.098462729374551,17.13610839190702
9.095017331969842,17.22993498714057
9.091159656706285,17.329537270862023
9.087026705322668,17.430893598935597
9.08263141582262,17.5336493306765
9.077976038703934,17.637809579462296
9.073061382744038,17.743411323657323
9.067887956987189,17.850494961575265
9.062456550576265,17.959103057623974
9.05676809886239,18.06927999123356
9.050823691296673,18.1810720478781
9.044623930345697,18.29452620818193
9.038169905093152,18.409692168592386
9.031462623643401,18.526621302482123
9.024502941457625,18.645366595462107
9.017292260429224,18.76598418141608
9.009831081766801,18.888530456191344
9.002121067425623,19.013066455992462
8.994163225677298,19.139654220076125
8.985958706056882,19.268358547902544
8.977508450130674,19.39924639050836
8.968814048988342,19.532388828089434
8.959876993962563,19.667859639490192
8.95069777674412,19.805733452738597
8.941278577733415,19.946091796550938
8.931620099832326,20.089016339260972
8.921724155551297,20.23459477759511
8.911591840069592,20.382916980446904
8.901224770552194,20.53407797669589
8.890624541978552,20.68817698067478
8.879792444358488,20.845316961987365
8.868729983976166,21.005606102897957
8.858148482135304,21.158873402385435
8.845961481946707,21.33547905818965
8.834214451939706,21.505947567453237
8.822248288301292,21.67997346540665
8.810060039568745,21.857766918879115
8.797651482110748,22.03947350797463
8.785823281203452,22.213440176690355
8.772242450369726,22.414210327621987
8.75917054757913,22.60872295207604
8.74589810223223,22.807598245063133
8.73326638853485,22.998270690218554
8.718794427402196,23.218488286169563
8.704881073985288,23.432290731859176
8.69165604134076,23.637464268871447
8.676536352093311,23.8744433608926
8.662021026788889,24.104743756226167
8.648229312161144,24.32613935385199
8.63248225125035,24.5820643246387
8.617371643227672,24.831269101980027
8.603039744071104,25.07092047845872
8.58668628463609,25.348379239738755
8.571965091419134,25.60226980279123
8.55521484580192,25.89580840982636
8.539153853249845,26.182573405640422
8.523959512818434,26.45866886783949
8.506639562339922,26.779169922589674
8.491068454710149,27.073218248076724
8.473372565017348,27.41407943076276
8.457475675305538,27.727089266243073
8.440494385990025,28.06836475464205
8.422203387722933,28.44473046343352
8.405834602463118,28.789983336826026
8.387253072664658,29.191342995459625
8.370579377489355,29.561111660009534
8.352792721404798,29.965309108826943
8.33365152917986,30.412683313059016
8.316536021865357,30.824626252284492
8.2982946198293,31.275676137643547
8.278670029303326,31.776222739076328
8.261131312544627,32.2382876250054
8.242473967084063,32.74468305790569
8.223575232452648,33.274699898346796
8.20334484831225,33.86262171677115
8.185271841138645,34.40754216088459
8.166084422056032,35.00603791260121
8.146658750350321,35.63490427028663
8.127096904303055,36.29319406374095
8.107410998330069,36.98274871877002
8.087604030107718,37.70586710535358
8.067678289233543,38.46510216890314
8.047635814090187,39.26327258955558
8.027478980397397,40.10349983725811
8.005938199971178,41.046744561131426
7.988099933712341,41.8669493018449
7.9663449746212205,42.91307756883233
7.945749673280202,43.96044532235088
7.925052341959588,45.07163427524739
7.904253558253133,46.25282923009046
7.883354729032284,47.510932267591535
7.8623586857868455,48.85379458853453
7.841266526330667,50.29036504050225
7.8200807231580045,51.83091224607124
7.800312615630021,53.364935773947515
7.777528291809672,55.25628024222033
7.756070285805268,57.18556488525797
7.7345368605931855,59.27767417379814
7.714455531216729,61.385529609911885
7.691345936470328,64.01494042718645
7.669561470674934,66.74284828114736
7.649262292111568,69.52316067627139
7.625932533709019,73.03338248465352
7.603929109106777,76.73703240161635
7.583458396180178,80.56765848355323
7.55993153940425,85.49163460400057
7.53928355105269,90.40534983108232
7.51562909018157,96.80618210076562
7.49487966307411,103.31611319072154
7.471113131775912,111.97466320706117
7.450269182743409,121.01014810513036
7.426398257402489,133.38055296406864
7.405466208080804,146.76707128675352
7.383099839486323,164.62812858208932
7.359012522619279,190.11538974797008
7.337964162993257,220.43084200442888
7.313868164357199,269.3589307032569
7.292747358050414,336.09775709292813
7.270264836910486,454.9560269689982
7.24758195230989,709.9915000022382
7.223251513255921,2064.3973263733146
7.202009675674802,2547.4321591956846
7.1794318732845746,255.6500042066041
7.156671956005179,25.52713552937034
7.133881614419091,7.45862574738742
7.111078097329037,6.384381315538513
7.088264153924851,6.3224146713743465
7.06544129504763,6.302349414889487
7.040983202001399,6.281971775587093
7.0195794724877025,6.26411222583695
6.996905537099599,6.245156051046248
6.974070514745207,6.226025867659486
6.9530889845081125,6.208413912580326
6.928398915899567,6.1876487352304474
6.905537033176984,6.168377663845016
6.8826876766245935,6.1490780565724625
6.859840409056057,6.129741351846257
6.8369959757811465,6.110368379216362
6.814155964585621,6.090960712497241
6.79319005875488,6.0731121750011186
6.768606383367622,6.052145113099495
6.7457902025770435,6.032643903224077
6.722988331824817,6.013117265641414
6.702073227970538,5.995173734874303
6.6775832250442315,5.974125416891701
6.654803837775808,5.954506681572927
6.633935830246973,5.936501917050151
6.60952887915938,5.91540658031998
6.586792505073041,5.895715180884328
6.566019299317508,5.877692361181022
6.5417109408092555,5.8565658901133295
6.520894179781873,5.838439686517499
6.4966412085861664,5.817284906107615
6.475885885839593,5.799147016168002
6.451706560133768,5.777980837821435
6.431015412691718,5.759834602291224
6.408772157422791,5.740296079948535
6.384599724753057,5.719024213205945
6.364014755370939,5.700875905665527
6.340037682129108,5.679701972193798
6.319522811744827,5.661552850167056
6.297541737786875,5.642076423941091
6.275392510375235,5.622418115108786
6.251504116538742,5.601178198193748
6.231145170277708,5.583044123021434
6.209341927776829,5.563594065685648
6.187410113745976,5.54399715672874
6.165521217647535,5.524406290255465
6.141917668657088,5.503258948403038
6.121767022136568,5.485203639361775
6.100252125480347,5.465925939233084
6.078613125609741,5.446537040512108
6.057013917759278,5.427267721117946
6.035473930268457,5.4088108160718384
6.013994802435937,5.3906136283491595
5.992576784804804,5.372454501374169
5.9712201523124335,5.354316554213558
5.949925165158168,5.336199058280385
5.9286920661267395,5.318102442055901
5.907520564597706,5.300026732680423
5.886410878104356,5.281972413884268
5.865363396700595,5.2639401199993054
5.846440848782022,5.24770208163639
5.82358527020016,5.22805763804554
5.802703598399812,5.210075553457487
5.781915403769368,5.192143459794685
5.761191212286578,5.1742363589795435
5.7425817071523255,5.158131053662829
5.72014399708174,5.138682404320887
5.699563782465835,5.120810756306982
5.681106634143969,5.104757575416561
5.658912768743753,5.085424593275768
5.63856113449204,5.067663964182413
5.620305845548686,5.05170814490714
5.59836715213317,5.032503695114862
5.578194389078818,5.01481328569653
5.560176931418388,4.998988765898716
5.538500317243348,4.979921813251684
5.520492743458274,4.964055718665001
5.4989642425305485,4.945058743400902
5.4810984561819405,4.92926756830392
5.459741132634281,4.910361994888527
5.44201798142217,4.894647542071644
5.422774017331961,4.877560955060606
5.401521861777306,4.858660602785346
5.384014461619765,4.843064712611906
5.363087387971209,4.8243951415021105
5.345721509369478,4.808877505903751
5.3269159300196405,4.792050473590045
5.306077898208984,4.773375073685782
5.288919790797153,4.757972594097662
5.270380781262847,4.741308687416625
5.251677911761414,4.724485185617614
5.231221951816415,4.7060828499257745
5.214351904663391,4.690906314470808
5.196149460019438,4.67453113269506
5.177805028425774,4.658042063481532
5.159522741707899,4.641861806288469
5.141329084723719,4.625852207354534
5.121461574203316,4.608349546630041
5.105018127269894,4.593840280417657
5.087325757636324,4.578208003988769
5.0695124392530495,4.562445871598931
5.051758524315596,4.54671292286147
5.03408919684135,4.5310316034370635
5.016506785867591,4.515404227032108
4.999011766598162,4.499831489515784
4.981602898965124,4.484312543435491
4.964280233452224,4.468847697251886
4.947043218545277,4.4534367119715474
4.9298908755728625,4.438078958250084
4.912823264638318,4.422774735939461
4.895839643869874,4.407523618083741
4.880967688682029,4.394150758408974
4.862212850217162,4.377270821950249
4.845481855563659,4.362208540799863
4.828839887176912,4.347226391136407
4.81227984235159,4.332317993787064
4.795801052425429,4.317482747201077
4.7813907719155555,4.304509703323233
4.76326441974463,4.288191217232608
4.747004794460573,4.273553276485594
4.7308545739914,4.259013828856949
4.716744438154766,4.246310994154386
4.699025002330311,4.230358839837321
4.6830790176097405,4.216018798608999
4.66916721947474,4.203726157237011
4.651741539612944,4.188432756075626
4.636054058061422,4.174661809902302
4.622377966376745,4.162640999599911
4.605251588259231,4.147568101062112
4.589777408567814,4.133927718072435
4.576361400776076,4.122086084340857
4.559537078788531,4.107217039318609
4.546136805769469,4.095356801139565
4.529476240356486,4.0805917859371155
4.516229192879062,4.068834714103442
4.499760622673932,4.054199543757846
4.486666747271571,4.042546384047958
4.470388002761945,4.028040093121985
4.457444843521448,4.0164894327733345
4.441353409269342,4.002110707819361
4.428558710323038,3.9906612769635905
4.41442933914144,3.9780030630508456
4.398456378441046,3.963683309503804
4.385883754142773,3.9524109194764008
4.370254132871358,3.938397603698017
4.3578264295483775,3.927264954624224
4.3441454147115754,3.9151370047910063
4.32861570531094,3.9014347119838106
4.316398464840742,3.8906611881171407
4.302969571434367,3.87881927187644
4.287709564599791,3.865362464148207
4.275703007240086,3.854774501784015
4.262553796911697,3.8431787548577225
4.249229124855462,3.831435299380277
4.234339174628632,3.8184139026657844
4.222613759249628,3.8081744697539746
4.209793145761984,3.7969670348822593
4.196814700925787,3.7856077502139924
4.183883722604206,3.774275545023316
4.169464509534543,3.7616214830333137
4.158081946388672,3.7516184256139935
4.145670388064601,3.740698883064887
4.133115021037432,3.7296392319768024
4.120603963503238,3.7186046249364795
4.10817089876943,3.7076247891835403
4.095820117186977,3.696703667854062
4.083551848864427,3.685842302769032
4.0713649825268625,3.675047535100556
4.0577634936984515,3.662999425075565
4.0469766560569065,3.653444544545185
4.035269271139572,3.6430742969483205
4.023440659251677,3.6325967236573007
4.0116522264489936,3.622154805258523
3.9999348422913,3.6117758973449168
3.988293734131058,3.60146463911945
3.976729387657764,3.5912214698633993
3.9652415877895533,3.5810462106463135
3.953829369585712,3.570938007681265
3.9442677391012904,3.5624690323123347
3.9312828590643694,3.5509681345501956
3.9200875381603386,3.5410524460464994
3.908980722192088,3.531215301657827
3.897947269971584,3.5214432936660565
3.886986644117264,3.5117359592476625
3.876098371777815,3.502092887809591
3.8652819627284223,3.4925136525790927
3.854536881920642,3.4829977860212504
3.8455378811398413,3.4750284144251236
3.833378193609461,3.464260210584792
3.8228324848251947,3.454921559871466
3.8123737320942634,3.4456601515859044
3.8019852464653616,3.4364612171707254
3.791665689298818,3.427323575087439
3.7830602182116055,3.419703905619777
3.771439686219912,3.4094148454888806
3.7612633845774113,3.400404871828378
3.751214461534551,3.3915079760365354
3.7428337797542075,3.3840883062556806
3.7315457047576266,3.3740949526325905
3.7216524451630386,3.365336809243998
3.713399686139074,3.3580312013750895
3.7023418586414123,3.348242805500852
3.6927011538138017,3.3397092595301547
3.6831287248482307,3.3312365153907932
3.675160000884797,3.324183525490384
3.6644474549035304,3.314702408066805
3.655000857605718,3.3063421724881645
3.647195525198466,3.2994347662680386
3.636719393737946,3.2901642259174273
3.6289001069999833,3.2832451636474853
3.6185454003051825,3.274083022308356
3.6094851896143263,3.2660668084169737
3.6019369456799137,3.259388682151842
3.591839842157208,3.25045598058154
3.584312850377767,3.243797431657121
3.5743466353675015,3.2349815802603454
3.5656027030172956,3.227247501688589
3.558342960044498,3.22082658684544
3.548629009923103,3.212235552651282
3.541385743199999,3.2058300559302406
3.531795700022387,3.197349769103847
3.52466275707255,3.1910427321175976
3.5152205172801922,3.182694358592003
3.5081979086423654,3.1764858072879703
3.4989017820917336,3.1682678741970225
3.4919881401784405,3.1621566193321557
3.482836415032132,3.1540676405550414
3.476030445991648,3.148052558655205
3.4670213985109224,3.1400910356837626
3.4603217504738093,3.1341709493841754
3.4514537167221744,3.12633543628313
3.4448590300406945,3.1205091598400037
3.436130589115013,3.1127984293532673
3.4296396070645847,3.107064868987813
3.422293600886659,3.100576590384713
3.413622086080829,3.0929183865281757
3.40728399013306,3.0873215783458896
3.398898924232912,3.079917942609465
3.392664544616042,3.074413909040202
3.3856100968910323,3.068186450032974
3.377292734033986,3.060845007833156
3.3712071917033355,3.0554742161319957
3.363156899286651,3.048370223687586
3.357172109260469,3.0430896290059097
3.350442489713859,3.0371524617979104
3.342436122569592,3.0300898425103573
3.336590722231046,3.0249342154061645
3.3300235761612655,3.0191426573155313
3.32222142761376,3.0122629421482676
3.316521988614975,3.007238122153765
3.310129770651305,3.001603199681889
3.303586216486959,2.995835660767908
3.2960849455891754,2.9892250796522273
3.290583646763436,2.9843778287531215
3.284372381308373,2.978905728440626
3.2770551378901094,2.972460361475191
3.271691587652494,2.9677367568730477
3.2656768948714583,2.9624404424572
3.259537944258276,2.9570355869986487
3.252478672869742,2.9508216594739474
3.247301826518173,2.946265651400692
3.24149627179697,2.941157116352062
3.235581178684909,2.9359531180526797
3.2287705407020693,2.9299624950114307
3.2237754282536186,2.925569771166296
3.218191940506138,2.9206604537426353
3.212502705484243,2.9156591158002185
3.2059160728759597,2.9098702324839283
3.201097576957137,2.905636352907804
3.1957444743608003,2.900933598399654
3.1902831559275566,2.896136784927446
3.184838790663337,2.891355942779489
3.1794421916351525,2.886618160072498
3.173255695967646,2.88118836563348
3.168704769733874,2.8771951816455164
3.163639684933691,2.8727517938603016
3.1584880454418074,2.86823357502562
3.153360254245118,2.8637374338886508
3.1482805679107133,2.859284672735822
3.1424441465407833,2.8541701546552556
3.138151395846165,2.850409551443849
3.133393580960712,2.846242557882577
3.128555112679066,2.842006105843274
3.123738195353327,2.8377897769365554
3.1189669336342587,2.833614708643403
3.1142456610100857,2.8294846921045456
3.1095752680697775,2.8254005209417046
3.1042043964933734,2.8207055385549364
3.1002489550871353,2.8172491774353667
3.095880535308237,2.8134330835887646
3.0914429827749608,2.8095579030402793
3.087027232951311,2.8057031587076215
3.082654794096603,2.8018876491673916
3.0783305947612476,2.798115696664433
3.0740551657376494,2.7943877608064263
3.069828354789013,2.79070370778489
3.0656502774392416,2.7870636521486953
3.06152050282487,2.78346721248599
3.0574389203249464,2.779914298536528
3.0534053973803688,2.7764048000529935
3.0494195972856977,2.7729384210977246
3.0448405280957194,2.7689581796906393
3.0414566837697072,2.766018450558213
3.037735294090757,2.762786860143703
3.033966027433275,2.759515279956688
3.0302210714666367,2.7562664801192525
3.0265176810270664,2.7530554670118756
3.0228596018277805,2.749885495247815
3.0192478574839945,2.746757469253484
3.0156823628944425,2.7436713134461383
3.0121629669944525,2.740626898454542
3.008689428993127,2.7376240145539
3.005261851904476,2.7346627650774247
3.0018798008090726,2.7317427639094896
2.9985433001648727,2.728864042896386
2.9952521690617986,2.7260264469793976
2.9920062148853037,2.7232298104008286
2.988805474120922,2.7204741758853874
2.9856497539252342,2.717759377414889
2.982538856418141,2.7150852443400417
2.9794725797611576,2.7124516023599616
2.9764508551358335,2.709858398231182
2.9734736893261857,2.70730564753135
2.9705409076220786,2.7047932005878743
2.9676523609172945,2.7023209310058145
2.9648078275257337,2.6998886462646148
2.9620073661887383,2.6974964091799243
2.959859371502969,2.695663149820265
2.956542179818046,2.6928345220096848
2.9538727302713825,2.690561388585058
2.9512474428578526,2.688328373546638
2.9486657199843425,2.6861349903515435
2.946127434013023,2.683981132734329
2.9436321014124727,2.6818663694584592
2.9411802752911385,2.679791213666517
2.9387712562328954,2.6777550373833665
2.9364052810145678,2.675758065561295
2.9340822214669613,2.673800190658418
2.9318019989403,2.6718813502477787
2.929564465750784,2.670001418983038
2.9273695346365036,2.668160326570502
2.925217180921876,2.6663580597613725
2.923107337035139,2.664594566218509
2.921039959155735,2.6628698152609758
2.919466394753554,2.66155927157107
2.917051673624165,2.6595516214183426
2.915100439522028,2.657933670158263
2.9132011451538893,2.6563623618745114
2.911344350239854,2.6548298365147507
2.9095295068224636,2.653335638171193
2.907756700075394,2.651879856236078
2.906025658184641,2.650462252381994
2.9043363174711536,2.6490827778851425
2.902688856369427,2.647741604859165
2.901083067356085,2.6464385534109307
2.899867449342476,2.6454550191986463
2.8980137938893558,2.643959766048104
2.896523014469025,2.6427629083121458
2.895082189316807,2.6416108866926016
2.893683227913874,2.6404971598153786
2.8923256781119235,2.6394213697993787
2.8910094355484954,2.638383434615707
2.8897345830635564,2.6373834398161335
2.8885009710357625,2.6364212584936726
2.887571942305461,2.635700462132329
2.8861672522991224,2.6346165502738033
2.885051600143578,2.6337631817726384
2.8839814022402526,2.632950942116573
2.882952469856514,2.632176559026383
2.8819645902505227,2.6314398742115577
2.8810175040517163,2.6307406626848233
2.880111347750996,2.6300790590940064
2.8792460981689927,2.629455052157757
2.878604530327932,2.6289978400629384
2.87764651061274,2.628323694953807
2.876896695187207,2.6278070898981665
2.87619345464825,2.6273321561928706
2.875531324610506,2.626894977071801
2.8749099191361576,2.626495280626568
2.8743294460122666,2.6261332736752823
2.873789572601809,2.6258086633711097
2.8733993855480526,2.625582832056833
2.872833038679095,2.625269185350568
2.872410403500709,2.625053856183786
2.8720317997140397,2.6248779720993403
2.8716941511776573,2.6247397836970725
2.8713971637583002,2.6246391026399767
2.8711407804581355,2.6245758942337725
2.870969046656324,2.6245522024339505
2.8707434780379057,2.6245534471235277
2.87060752104885,2.624601572338759
2.87051243441371,2.6246873315472534
